[
    {
      "name": "Workbench Level 1",
      "items_needed": {
        "Screw nuts": 2,
        "Bolts": 2,
        "Multitool": 1
      }
    },
    {
      "name": "Security Level 1",
      "items_needed": {
        "Construction measuring tape": 1
      }
    },
    {
      "name": "Lavatory Level 1",
      "items_needed": {
        "Toilet paper": 1,
        "Toothpaste": 1,
        "Soap": 1,
        "Awl" : 1
      }
    },
    {
      "name": "Heating Level 1",
      "items_needed": {
        "Classic matches": 2
      }
    },
    {
      "name": "Illumination Level 1",
      "items_needed": {
        "Crickent lighter": 1
      }
    },
    {
      "name": "Medstation Level 1",
      "items_needed": {
        "Disposable syringe": 1,
        "Pile of meds": 1,
        "Aspetic bandage": 2,
        "Bottle of OLOLO Multivitamins" : 1
      }
    },
    {
      "name": "Water Collector Level 1",
      "items_needed": {
        "Corrugated hose": 4,
        "Bolts": 5,
        "Screw nuts": 5,
        "Duct tape" : 3
      }
    },
    {
      "name": "Rest Space Level 1",
      "items_needed": {
        "Duct tape": 1,
        "Classic matches": 1
      }
    },
    {
      "name": "Generator Level 1",
      "items_needed": {
        "Spark plug": 1
      }
    },
    {
      "name": "Shooting Range Level 1",
      "items_needed": {
        "Screw nuts": 1,
        "Bolts": 1,
        "Metal spare parts": 1
      }
    },
    {
      "name": "Nutrition Unit Level 1",
      "items_needed": {
        "Phase control relay": 2,
        "Power cord": 1,
        "Can of white salt": 1
      }
    },
    {
      "name": "Security Level 2",
      "items_needed": {
        "Pliers Elite": 1,
        "WD-40 (100ml)": 1,
        "TP-200 TNT brick": 1
      }
    },
    {
      "name": "Water Collector Level 2",
      "items_needed": {
        "Corrugated hose": 6,
        "Electric motor": 2,
        "Toolset": 2,
        "KEKTAPE duct tape": 2
      }
    },
    {
      "name": "Rest Space Level 2",
      "items_needed": {
        "DVD drive": 1,
        "Magnet": 1,
        "Energy-saving lamp": 3
      }
    },
    {
      "name": "Workbench Level 2",
      "items_needed": {
        "Toolset": 3,
        "Electric drill": 2,
        "Bolts": 6,
        "Weapon parts": 3,
        "Set of files Master": 1
      }
    },
    {
      "name": "Lavatory Level 2",
      "items_needed": {
        "Corrugated hose": 3,
        "Pack of screws": 5,
        "Electric drill": 1,
        "KEKTAPE duct tape": 1,
        "Sewing kit": 2
      }
    },
    {
      "name": "Heating Level 2",
      "items_needed": {
        "Hunting matches": 2,
        "Dry fuel": 3,
        "Crickent lighter": 3
      }
    },
    {
      "name": "Vents Level 2",
      "items_needed": {
        "Electric motor": 1,
        "Car battery": 1,
        "CPU fan": 3,
        "Metal spare parts": 2
      }
    },
    {
      "name": "Nutrition Unit Level 2",
      "items_needed": {
        "Wrench": 4,
        "Corrugated hose": 2,
        "Alkaline cleaner for heat exchangers": 2,
        "Phase control relay": 1
      }
    },
    {
      "name": "Illumination Level 2",
      "items_needed": {
        "Light bulb": 14,
        "Bundle of wires": 10
      }
    },
    {
      "name": "Generator Level 2",
      "items_needed": {
        "Phase control relay": 5,
        "Electric motor": 1,
        "Bundle of wires": 15,
        "Bulbex cable cutter": 1
      }
    },
    {
      "name": "Medstation Level 2",
      "items_needed": {
        "Medical bloodset": 2,
        "Bottle of saline solution": 3,
        "Esmarch touniquet": 5,
        "Medical Tools": 3
      }
    },
    {
      "name": "Shooting Range Level 2",
      "items_needed": {
        "Toolset": 1,
        "Metal spare parts": 5,
        "Construction measuring tape": 1,
        "Bundle of wires": 3,
        "Tube of Poxeram cold welding": 1,
        "Electric motor": 3,
        "Energy-saving lamp": 6,
        "WI-FI Camera": 3,
        "Electric drill": 1,
        "Pack of screws": 3
      }
    },
    {
      "name": "Intelligence Center Level 1",
      "items_needed": {
        "Intelligence folder": 1,
        "Topographic survey maps": 1,
        "Factory plan map": 1
      }
    },
    {
      "name": "Security Level 3",
      "items_needed": {
        "Working LCD": 2,
        "Bundle of wires": 4,
        "NIXXOR lens": 8,
        "SSD drive": 1
      }
    },
    {
      "name": "Water Collector Level 3",
      "items_needed": {
        "Pliers Elite": 2,
        "Shustrilo sealing foam": 5,
        "Ratchet wrench": 1
      }
    },
    {
      "name": "Rest Space Level 3",
      "items_needed": {
        "Power cord": 4,
        "Capacitors": 5,
        "Bundle of wires": 7,
        "GreenBat lithium battery": 5
      }
    },
    {
      "name": "Workbench Level 3",
      "items_needed": {
        "Pliers Elite": 2,
        "FireKlean gun lube": 1,
        "Can of thermite": 2
      }
    },
    {
      "name": "Lavatory Level 3",
      "items_needed": {
        "Corrugated hose": 6,
        "Pressure gauge": 2,
        "Toolset": 1,
        "Xenomorph sealing foam": 3
      }
    },
    {
      "name": "Heating Level 3",
      "items_needed": {
        "Radiator helix": 8,
        "Bundle of wires": 8,
        "Phase control relay": 4,
        "Military corrugated tube": 2
      }
    },
    {
      "name": "Defective Wall Level 3",
      "items_needed": {
        "Fierce Blow sledgehammer": 1
      }
    },
    {
      "name": "Defective Wall Level 4",
      "items_needed": {
        "Metal cutting scissors": 1,
        "Toolset": 1
      }
    },
    {
      "name": "Defective Wall Level 5",
      "items_needed": {
        "Corrugated hose": 2,
        "Duct tape": 1,
        "Toolset": 1,
        "Pliers Elite": 1,
        "Metal spare parts": 5,
        "Xenomorph sealing foam": 1,
        "Bundle of wires": 2,
        "Light bulb": 2
      }
    },
    {
      "name": "Vents Level 3",
      "items_needed": {
        "Electric motor": 4,
        "Bundle of wires": 14,
        "Printed circuit board": 5,
        "Car battery": 4,
        "Metal spare parts": 5
      }
    },
    {
      "name": "Intelligence Center Level 2",
      "items_needed": {
        "Intelligence folder": 3,
        "Secure Flash drive": 3,
        "Power cord": 7,
        "Damaged hard drive": 4
      }
    },
    {
      "name": "Nutrition Unit Level 3",
      "items_needed": {
        "Can of Majaica coffe beans": 3,
        "Pack of sodium bicarbonate": 3,
        "Smoked Chimney drain cleaner": 2
      }
    },
    {
      "name": "Illumination Level 3",
      "items_needed": {
        "Capacitors": 7,
        "Bundle of wires": 6,
        "Energy-saving lamp": 12
      }
    },
    {
      "name": "Generator Level 3",
      "items_needed": {
        "Phase control relay": 6,
        "Electric motor": 3,
        "Spark plug": 10,
        "Power supply unit": 5,
        "Metal spare parts": 7
      }
    },
    {
      "name": "Medstation Level 3",
      "items_needed": {
        "Bottle of saline solution": 4,
        "LEDX Skin Transilluminator": 1,
        "Ophtalmoscope": 1
      }
    },
    {
      "name": "Library",
      "items_needed": {
        "Horse figurine": 1,
        "Chainlet": 2,
        "Tech manual": 5,
        "Diary": 2,
        "BakeEzy cook book": 1,
        "Slim diary": 2
      }
    },
    {
      "name": "Bitcoin Farm Level 1",
      "items_needed": {
        "CPU fan": 15,
        "Power supply unit": 10,
        "Power cord": 10,
        "VPX Flash Storage Module": 1,
        "T-Shaped plug": 5
      }
    },
    {
      "name": "Intelligence Center Level 3",
      "items_needed": {
        "Military COFDM Wireless Signal Transmitter": 2,
        "VPX Flash Storage Module": 2,
        "Military flash drive": 5,
        "Military cable": 5,
        "Secure magnetic tape cassette": 2,
        "Far-forward GPS Signal Amplifier Unit": 1
      }
    },
    {
      "name": "Bitcoin Farm Level 2",
      "items_needed": {
        "CPU fan": 15,
        "Power supply unit": 10,
        "Printed circuit board": 15,
        "Phase control relay": 5,
        "Military power filter": 2 
      }
    },
    {
      "name": "Bitcoin Farm Level 3",
      "items_needed": {
        "CPU fan": 25,
        "Silicone tube": 15,
        "Electric motor": 10,
        "Pressure gauge": 10,
        "6-STEN-140-M military battery": 1
      }
    },
    {
      "name": "Shooting Range Level 3",
      "items_needed": {
        "Set of files Master": 1,
        "Bundle of wires": 5,
        "Printed circuit board": 3,
        "Metal spare parts": 5,
        "Capacitors": 5,
        "Phase control relay": 3,
        "Power cord": 5,
        "Multitool": 1,
        "Tech manual": 1
      }
    },
    {
      "name": "Solar Power",
      "items_needed": {
        "Military cable": 10,
        "Phased array element": 4,
        "Military power filter": 10,
        "Working LCD": 3,
        "Advanced current converter": 1
      }
    },
    {
      "name": "Air Filtering Unit",
      "items_needed": {
        "Military power filter": 5,
        "Gas mask air filter": 5,
        "Military corrugated tube": 3
      }
    },
    {
      "name": "Booze Generator",
      "items_needed": {
        "Silicone tube": 4,
        "Analog thermometer": 2,
        "Pressure gauge": 2,
        "Corrugated hose": 5,
        "Pipe grip wrench": 1,
        "Radiator helix": 3,
        "Metal spare parts": 2
      }
    },
    {
      "name": "Gym",
      "items_needed": {
        "Toolset": 1,
        "Electric drill": 1,
        "Metal cutting scissors": 1,
        "Screw nuts": 3,
        "Bolts": 3,
        "WD-40 (100ml)": 1,
        "Insulating tape": 1
      }
    },
    {
      "name": "Scav Case",
      "items_needed": {
        "Bronze lion figurine": 3,
        "Gold skull ring": 6,
        "Golden neck chain": 8,
        "Roler Submariner gold wrist watch": 4,
        "Bottle of Fierce Hatchling moonshine": 3,
        "Lucky Scav Junk box": 1,
        "Golden rooster figurine": 1
      }
    },
    {
      "name": "Gear Rack Level 1",
      "items_needed": {
        "Multitool": 1,
        "Fleece fabric": 10,
        "Sewing kit": 1,
        "Energy-saving lamp": 8,
        "Bolts": 15,
        "Awl": 1,
        "Electric drill": 1
      }
    },
    {
      "name": "Gear Rack Level 2",
      "items_needed": {
        "Wrench": 1,
        "Aramid fiber fabric": 10,
        "Energy-saving lamp": 12,
        "Pack of nails": 8,
        "Shustrilo sealing foam": 3,
        "Duct tape": 5,
        "Electric drill": 1
      }
    },
    {
      "name": "Gear Rack Level 3",
      "items_needed": {
        "Ratchet wrench": 1,
        "Set of files Master": 1,
        "Energy-saving lamp": 15,
        "KEKTAPE duct tape": 5,
        "Metal spare parts": 15,
        "Cordura polyamide fabric": 10,
        "Body armor repair kit": 1
      }
    },
    {
      "name": "Weapon Rack Level 1",
      "items_needed": {
        "Hand drill": 1,
        "Metal cutting scissors": 1,
        "Energy-saving lamp": 5,
        "Xenomorph sealing foam": 3,
        "Bolts": 15,
        "Insulating tape": 5,
        "Pack of nails": 5
      }
    },
    {
      "name": "Weapon Rack Level 2",
      "items_needed": {
        "Electric drill": 1,
        "Set of files Master": 1,
        "Energy-saving lamp": 10,
        "Pack of screws": 10,
        "Duct tape": 5,
        "Bundle of wires": 10,
        "Metal spare parts": 5,
        "Weapon parts": 5,
        "Tube of Poxeram cold welding": 3
      }
    },
    {
      "name": "Weapon Rack Level 3",
      "items_needed": {
        "Electric drill": 1,
        "Energy-saving lamp": 15,
        "Metal spare parts": 10,
        "KEKTAPE duct tape": 5,
        "Bundle of wires": 15,
        "Shustrilo sealing foam": 3,
        "Tech manual": 1,
        "FireKlean gun lube": 1
      }
    },
    {
      "name": "Hall of Fame Level 1",
      "items_needed": {
        "Insulating tape": 2,
        "Pack of nails": 5,
        "Light bulb": 5,
        "Cat figurine": 1,
        "Fleece fabric": 5,
        "Round pliers": 1
      }
    },
    {
      "name": "Hall of Fame Level 2",
      "items_needed": {
        "Tech manual": 1,
        "Pliers Elite": 1,
        "Toolset": 1,
        "Golden rooster figurine": 1,
        "Energy-saving lamp": 10,
        "Pack of screws": 6,
        "Duct tape": 3,
        "Xenomorph sealing foam": 2,
        "Tube of Poxeram cold welding": 2
      }
    },
    {
      "name": "Hall of Fame Level 3",
      "items_needed": {
        "Set of files Master": 1,
        "Electric drill": 1,
        "Bronze lion figurine": 1,
        "Energy-saving lamp": 15,
        "KEKTAPE duct tape": 3,
        "T-Shaped plug": 3,
        "Metal spare parts": 15,
        "Power cord": 5
      }
    }

    
  ]