[
    {
      "name": "Bolts",
      "iconPath": "Icons/Boltsicon.png"
    },
    {
      "name": "Screw nuts",
      "iconPath": "Icons/Screwnuticon.png"
    },
    {
      "name": "Multitool",
      "iconPath": "Icons/Multitoolicon.png"
    },
    {
      "name": "Construction measuring tape",
      "iconPath": "Icons/Construction_Measuring_Tape_Icon.png"
    },
    {
      "name": "Toilet paper",
      "iconPath": "Icons/Toilet_paper_icon.png"
    },
    {
      "name": "Toothpaste",
      "iconPath": "Icons/Toothpasteicon.png"
    },
    {
      "name": "Soap",
      "iconPath": "Icons/Soap_icon.png"
    },
    {
      "name": "Awl",
      "iconPath": "Icons/Awl_icon.png"
    },
    {
      "name": "Classic matches",
      "iconPath": "Icons/Matches_Icon.png"
    },
    {
      "name": "Crickent lighter",
      "iconPath": "Icons/Cricket_lighter_Icon.png"
    },
    {
      "name": "Disposable syringe",
      "iconPath": "Icons/syringe.png"
    },
    {
      "name": "Pile of meds",
      "iconPath": "Icons/Pile_of_meds_icon.png"
    },
    {
      "name": "Aspetic bandage",
      "iconPath": "Icons/bandage.png"
    },
    {
      "name": "Bottle of OLOLO Multivitamins",
      "iconPath": "Icons/vitamins.png"
    },
    {
      "name": "Corrugated hose",
      "iconPath": "Icons/Hoseicon.png"
    },
    {
      "name": "Duct tape",
      "iconPath": "Icons/Duct_tape_Icon.png"
    },
    {
      "name": "Spark plug",
      "iconPath": "Icons/Spark_Plug_Icon_.png"
    },
    {
      "name": "Metal spare parts",
      "iconPath": "Icons/metal_spare_parts.png"
    },
    {
      "name": "Phase control relay",
      "iconPath": "Icons/Relay_Icon.png"
    },
    {
      "name": "Power cord",
      "iconPath": "Icons/Powercord_icon.png"
    },
    {
      "name": "Can of white salt",
      "iconPath": "Icons/white_salt.png"
    },
    {
      "name": "Pliers Elite",
      "iconPath": "Icons/PliersElite.png"
    },
    {
      "name": "WD-40 (100ml)",
      "iconPath": "Icons/WD40_100ml_Icon.png"
    },
    {
      "name": "TP-200 TNT brick",
      "iconPath": "Icons/tp200.png"
    },
    {
      "name": "Electric motor",
      "iconPath": "Icons/Electric_motor_icon.png"
    },
    {
      "name": "Toolset",
      "iconPath": "Icons/Toolsicon.png"
    },
    {
      "name": "KEKTAPE duct tape",
      "iconPath": "Icons/kektape.png"
    },
    {
      "name": "DVD drive",
      "iconPath": "Icons/DVD_drive_Icon.png"
    },
    {
      "name": "Magnet",
      "iconPath": "Icons/Magnet_Icon.png"
    },
    {
      "name": "Energy-saving lamp",
      "iconPath": "Icons/energy_saving_lamp.png"
    },
    {
      "name": "Electric drill",
      "iconPath": "Icons/Electric_Drill_icon.png"
    },
    {
      "name": "Weapon parts",
      "iconPath": "Icons/WeaponPartsIcon.png"
    },
    {
      "name": "Set of files Master",
      "iconPath": "Icons/set_of_files.png"
    },
    {
      "name": "Pack of screws",
      "iconPath": "Icons/Screwsicon.png"
    },
    {
      "name": "Sewing kit",
      "iconPath": "Icons/sewing_kit_icon.png"
    },
    {
      "name": "Hunting matches",
      "iconPath": "Icons/hunting_matches_icon.png"
    },
    {
      "name": "Dry fuel",
      "iconPath": "Icons/Dryfuelicon.png"
    },
    {
      "name": "Car battery",
      "iconPath": "Icons/Car_Battery_Icon.png"
    },
    {
      "name": "CPU fan",
      "iconPath": "Icons/CPU_Fan_Icon.png"
    },
    {
      "name": "Wrench",
      "iconPath": "Icons/Wrench_Icon.png"
    },
    {
      "name": "Alkaline cleaner for heat exchangers",
      "iconPath": "Icons/Heat-exchange_alkali_surface_washer_icon.png"
    },
    {
      "name": "Light bulb",
      "iconPath": "Icons/Bulb_icon.png"
    },
    {
      "name": "Bundle of wires",
      "iconPath": "Icons/Wiresicon.png"
    },
    {
      "name": "Bulbex cable cutter",
      "iconPath": "Icons/bulbex_icon.png"
    },
    {
      "name": "Medical bloodset",
      "iconPath": "Icons/Medical_Bloodset_Icon.png"
    },
    {
      "name": "Bottle of saline solution",
      "iconPath": "Icons/Saline_Solution_icon.png"
    },
    {
      "name": "Esmarch touniquet",
      "iconPath": "Icons/esmarch_icon.png"
    },
    {
      "name": "Medical Tools",
      "iconPath": "Icons/medical_tools_icon.png"
    },
    {
      "name": "Tube of Poxeram cold welding",
      "iconPath": "Icons/poxeram_icon.png"
    },
    {
      "name": "WI-FI Camera",
      "iconPath": "Icons/wi-fi_icon.png"
    },
    {
      "name": "Intelligence folder",
      "iconPath": "Icons/int_folder_icon.png"
    },
    {
      "name": "Topographic survey maps",
      "iconPath": "Icons/topographic_maps_icon.png"
    },
    {
      "name": "Factory plan map",
      "iconPath": "Icons/factory_map_icon.png"
    },
    {
      "name": "Working LCD",
      "iconPath": "Icons/working_lcd_icon.png"
    },
    {
      "name": "NIXXOR lens",
      "iconPath": "Icons/NIXXOR_lens_icon.png"
    },
    {
      "name": "SSD drive",
      "iconPath": "Icons/Ssd_icon.png"
    },
    {
      "name": "Shustrilo sealing foam",
      "iconPath": "Icons/Shusicon.png"
    },
    {
      "name": "Ratchet wrench",
      "iconPath": "Icons/ratchet_wrench_icon.png"
    },
    {
      "name": "Capacitors",
      "iconPath": "Icons/Capacitorsicon.png"
    },
    {
      "name": "GreenBat lithium battery",
      "iconPath": "Icons/greenbat_icon.png"
    },
    {
      "name": "FireKlean gun lube",
      "iconPath": "Icons/FireKlean_icon.png"
    },
    {
      "name": "Can of thermite",
      "iconPath": "Icons/thermite_icon.png"
    },
    {
      "name": "Pressure gauge",
      "iconPath": "Icons/Pressure_gauge_icon.png"
    },
    {
      "name": "Xenomorph sealing foam",
      "iconPath": "Icons/Xenoicon.png"
    },
    {
      "name": "Radiator helix",
      "iconPath": "Icons/RadiatorHelixIcon.png"
    },
    {
      "name": "Military corrugated tube",
      "iconPath": "Icons/military_corrugated_tube_icon.png"
    },
    {
      "name": "Fierce Blow sledgehammer",
      "iconPath": "Icons/sledgehammer_icon.png"
    },
    {
      "name": "Metal cutting scissors",
      "iconPath": "Icons/Metal_cutting_scissors_icon.png"
    },
    {
      "name": "Printed circuit board",
      "iconPath": "Icons/Circuit_Icon.png"
    },
    {
      "name": "Secure Flash drive",
      "iconPath": "Icons/Secure_Flash_drive_Icon.png"
    },
    {
      "name": "Damaged hard drive",
      "iconPath": "Icons/Damaged_Hard_Drive_Icon.png"
    },
    {
      "name": "Can of Majaica coffe beans",
      "iconPath": "Icons/Coffeicon.png"
    },
    {
      "name": "Pack of sodium bicarbonate",
      "iconPath": "Icons/Sodium_Bicarbonate_icon.png"
    },
    {
      "name": "Smoked Chimney drain cleaner",
      "iconPath": "Icons/drain_cleaner.png"
    },
    {
      "name": "Power supply unit",
      "iconPath": "Icons/Psuicon.png"
    },
    {
      "name": "LEDX Skin Transilluminator",
      "iconPath": "Icons/ledx_icon.png"
    },
    {
      "name": "Ophtalmoscope",
      "iconPath": "Icons/Ophthalmoscopeicon.png"
    },
    {
      "name": "Horse figurine",
      "iconPath": "Icons/Horse_figurine_Icon.png"
    },
    {
      "name": "Chainlet",
      "iconPath": "Icons/Chainlet_icon.png"
    },
    {
      "name": "Diary",
      "iconPath": "Icons/Diary_Icon1.png"
    },
    {
      "name": "BakeEzy cook book",
      "iconPath": "Icons/bake_ezy_icon.png"
    },
    {
      "name": "Tech manual",
      "iconPath": "Icons/Lada_manual_icon.png"
    },
    {
      "name": "VPX Flash Storage Module",
      "iconPath": "Icons/VPXFlashIcon.png"
    },
    {
      "name": "T-Shaped plug",
      "iconPath": "Icons/T-Shaped_Plug_Icon.png"
    },
    {
      "name": "Military COFDM Wireless Signal Transmitter",
      "iconPath": "Icons/COFDM_Icon.png"
    },
    {
      "name": "Military flash drive",
      "iconPath": "Icons/mfd_icon.png"
    },
    {
      "name": "Military cable",
      "iconPath": "Icons/MilitaryCableIcon.png"
    },
    {
      "name": "Secure magnetic tape cassette",
      "iconPath": "Icons/smt_icon.png"
    },
    {
      "name": "Far-forward GPS Signal Amplifier Unit",
      "iconPath": "Icons/far_forward_icon.png"
    },
    {
      "name": "Military power filter",
      "iconPath": "Icons/Mil_Filter_Icon.png"
    },
    {
      "name": "Silicone tube",
      "iconPath": "Icons/SiliconeTubeIcon.png"
    },
    {
      "name": "6-STEN-140-M military battery",
      "iconPath": "Icons/tank_battery_icon.png"
    },
    {
      "name": "Phased array element",
      "iconPath": "Icons/Phased-Array-Element-icon.png"
    },
    {
      "name": "Advanced current converter",
      "iconPath": "Icons/advanced_current_converter_icon.png"
    },
    {
      "name": "Gas mask air filter",
      "iconPath": "Icons/Airfiltericon.png"
    },
    {
      "name": "Pipe grip wrench",
      "iconPath": "Icons/pgw_icon.png"
    },
    {
      "name": "Analog thermometer",
      "iconPath": "Icons/Anal_Thermometer_Icon.png"
    },
    {
      "name": "Insulating tape",
      "iconPath": "Icons/Insulating_tape_Icon.png"
    },
    {
      "name": "Bronze lion figurine",
      "iconPath": "Icons/Bronze_Lion_Icon.png"
    },
    {
      "name": "Gold skull ring",
      "iconPath": "Icons/SkullRing_Icon.png"
    },
    {
      "name": "Golden neck chain",
      "iconPath": "Icons/Golden_neck_chain_Icon.png"
    },
    {
      "name": "Roler Submariner gold wrist watch",
      "iconPath": "Icons/Roler_icon.png"
    },
    {
      "name": "Bottle of Fierce Hatchling moonshine",
      "iconPath": "Icons/moonshine_icon.png"
    },
    {
      "name": "Lucky Scav Junk box",
      "iconPath": "Icons/lucky_scav_junk_box_icon.png"
    },
    {
      "name": "Golden rooster figurine",
      "iconPath": "Icons/GoldenRoosterIcon.png"
    },
    {
      "name": "Fleece fabric",
      "iconPath": "Icons/Fleece_Icon.png"
    },
    {
      "name": "Aramid fiber fabric",
      "iconPath": "Icons/Aramid_Icon_.png"
    },
    {
      "name": "Pack of nails",
      "iconPath": "Icons/Nailsicon.png"
    },
    {
      "name": "Cordura polyamide fabric",
      "iconPath": "Icons/Cordura_Icon.png"
    },
    {
      "name": "Body armor repair kit",
      "iconPath": "Icons/armor_repair_kit.png"
    },
    {
      "name": "Hand drill",
      "iconPath": "Icons/Handdrill_icon.png"
    },
    {
      "name": "Cat figurine",
      "iconPath": "Icons/Caticon.png"
    },
    {
      "name": "Round pliers",
      "iconPath": "Icons/RoundPliersIcon.png"
    },
    {
      "name": "Slim diary",
      "iconPath": "Icons/SlimDiaryIcon.png"
    },
    {
      "name": "AK-74 5.45x39 6L31 60-round magazine",
      "iconPath": "Icons/AK-74 5.45x39 6L31 60-round magazine.png"
    },
    {
      "name": "Lower half-mask",
      "iconPath": "Icons/half_mask_icon.png"
    },
    {
      "name": "Bars A-2607 95Kh18 knife",
      "iconPath": "Icons/A-2607_icon.png"
    },
    {
      "name": "Kalashnikov AK-74",
      "iconPath": "Icons/ak74_icon.png"
    },
    {
      "name": "Colt M4A1 5.56x45 assault rifle",
      "iconPath": "Icons/m4a1_icon.png"
    },
    {
      "name": "Makarov PM pistol",
      "iconPath": "Icons/makarov-pm_icon.png"
    },
    {
      "name": "OFZ 30x165mm shell",
      "iconPath": "Icons/ofz_shell_icon.png"
    },
    {
      "name": "Any Med Item",
      "iconPath": "Icons/any_med_item_icon.png"
    },
    {
      "name": "Salewa first aid kit",
      "iconPath": "Icons/salewa_icon.png"
    },
    {
      "name": "Gas analyzer",
      "iconPath": "Icons/Gas_Analyzer_Icon.png"
    },
    {
      "name": "Morphine injector",
      "iconPath": "Icons/morphine_icon.png"
    },
    {
      "name": "Can of beef stew (Small)",
      "iconPath": "Icons/small_tushonka_icon.png"
    },
    {
      "name": "TerraGroup Labs access keycard",
      "iconPath": "Icons/labs_keycard_icon.png"
    },
    {
      "name": "AHF1-M stimulant injector",
      "iconPath": "Icons/ahf1m_icon.png"
    },
    {
      "name": "3-(b-TG) stimulant injector",
      "iconPath": "Icons/3btg_icon.png"
    },
    {
      "name": "Adrenaline injector",
      "iconPath": "Icons/adrenaline_icon.png"
    },
    {
      "name": "Portable defibrillator",
      "iconPath": "Icons/Defibrillatoricon.png"
    }
    
  ]