[
    {
      "name": "Ice Cream Cones",
      "kappa": true,
      "trader": "Prapor",
      "items_needed": {
        "AK-74 5.45x39 6L31 60-round magazine": 3
      }
    },
    {
      "name": "The Punisher - Part 2",
      "kappa": true,
      "trader": "Prapor",
      "items_needed": {
        "Lower half-mask": 7
      }
    },
    {
      "name": "The Punisher - Part 4",
      "kappa": true,
      "trader": "Prapor",
      "items_needed": {
        "Bars A-2607 95Kh18 knife": 5
      }
    },
    {
      "name": "The Punisher - Part 5",
      "kappa": true,
      "trader": "Prapor",
      "items_needed": {
        "Kalashnikov AK-74": 1,
        "Colt M4A1 5.56x45 assault rifle": 1,
        "Makarov PM pistol": 2
      }
    },
    {
      "name": "Regulated Materials",
      "kappa": true,
      "trader": "Prapor",
      "items_needed": {
        "6-STEN-140-M military battery": 1,
        "OFZ 30x165mm shell": 5
      }
    },
    {
      "name": "First in Line",
      "kappa": true,
      "trader": "Therapist",
      "items_needed": {
        "Any Med Item": 3
      }
    },
    {
      "name": "Shortage",
      "kappa": true,
      "trader": "Therapist",
      "items_needed": {
        "Salewa first aid kit": 3
      }
    },
    {
      "name": "Sanitary Standards Part 1",
      "kappa": true,
      "trader": "Therapist",
      "items_needed": {
        "Gas analyzer": 1
      }
    },
    {
      "name": "Sanitary Standards Part 2",
      "kappa": true,
      "trader": "Therapist",
      "items_needed": {
        "Gas analyzer": 2
      }
    },
    {
      "name": "Painkiller",
      "kappa": true,
      "trader": "Therapist",
      "items_needed": {
        "Morphine injector": 4
      }
    },
    {
      "name": "Car Repair",
      "kappa": true,
      "trader": "Therapist",
      "items_needed": {
        "Car battery": 4,
        "Spark plug": 8
      }
    },
    {
      "name": "Private Clinic",
      "kappa": true,
      "trader": "Therapist",
      "items_needed": {
        "Ophtalmoscope": 1,
        "LEDX Skin Transilluminator": 1
      }
    },
    {
      "name": "General Wares",
      "kappa": true,
      "trader": "Therapist",
      "items_needed": {
        "Can of beef stew (Small)": 15
      }
    },
    {
      "name": "Colleagues Part 3",
      "kappa": true,
      "trader": "Therapist",
      "items_needed": {
        "TerraGroup Labs access keycard": 10,
        "AHF1-M stimulant injector": 1,
        "3-(b-TG) stimulant injector": 1
      }
    },
    {
      "name": "Crisis",
      "kappa": true,
      "trader": "Therapist",
      "items_needed": {
        "Portable defibrillator": 3,
        "Ophtalmoscope": 3,
        "LEDX Skin Transilluminator": 2,
        "Pile of meds": 20,
        "Bottle of OLOLO Multivitamins": 10
      }
    },
    {
      "name": "Thirsty - Secrets",
      "kappa": false,
      "trader": "Therapist",
      "items_needed": {
        "Adrenaline injector": 2,
        "Bottle of OLOLO Multivitamins": 4,
        "Bottle of saline solution": 3
      }
    }
  ]